Residue,RMSF,Z_Score,Category
0,1.7765589911050825,4.917369956303629,High_Flexibility
1,1.337381344562698,3.0101315478632102,High_Flexibility
2,1.1621789046117825,2.24927127786171,High_Flexibility
76,1.1085190985683537,2.016240193786228,High_Flexibility
97,1.1713759285982668,2.289211647159804,High_Flexibility
146,1.2405198024961153,2.589486155765994,High_Flexibility
147,1.2165649470420163,2.485456224483308,High_Flexibility
148,1.128908052445156,2.104784308560532,High_Flexibility
200,1.9892983752257871,5.841243763582683,High_Flexibility
201,1.8207045742208245,5.109083155607401,High_Flexibility
202,1.5213321607481893,3.808983822461101,High_Flexibility
203,1.1905517521000444,2.372487440871074,High_Flexibility
262,1.397631392536979,3.2717824003408227,High_Flexibility
