Residue,RMSF,Z_Score,Category
0,3.0025166188381913,9.02605506403426,High_Flexibility
1,1.8341997522613314,4.522177717295779,High_Flexibility
2,1.3772789704317256,2.760741913868548,High_Flexibility
75,1.9049902853857903,4.795076181423033,High_Flexibility
76,1.2381983642677368,2.224584293112812,High_Flexibility
262,1.4483139375074836,3.0345826741891755,High_Flexibility
264,1.2604169909147052,2.3102373998116166,High_Flexibility
281,1.3587150729844604,2.689177837741762,High_Flexibility
