Residue,RMSF,Z_Score,Category
0,1.611272400031503,4.944269226919775,High_Flexibility
1,1.1528300993463099,2.6437358723527913,High_Flexibility
20,1.0740709226257577,2.248510316698219,High_Flexibility
146,1.0879781975780265,2.3182991425788364,High_Flexibility
147,1.0716680662965796,2.2364524173219085,High_Flexibility
200,1.1444339669137011,2.6016027998119093,High_Flexibility
201,1.1309925405594163,2.534151673214798,High_Flexibility
202,1.0518850208053792,2.137178079113151,High_Flexibility
262,1.0318457960700278,2.036618194402607,High_Flexibility
268,1.2405813821994667,3.084085187431275,High_Flexibility
269,1.188220781021267,2.821331708322583,High_Flexibility
270,1.0631054817553782,2.193484062724412,High_Flexibility
277,1.0579108814005886,2.167416766224988,High_Flexibility
280,1.1215947572671663,2.4869921639581256,High_Flexibility
281,1.3279974206378489,3.522752194928262,High_Flexibility
282,1.0393207605420602,2.07412870568486,High_Flexibility
