Residue,RMSF,Z_Score,Category
0,2.0765870325111178,2.5233987129057196,High_Flexibility
281,2.0054013255277083,2.3889436041959864,High_Flexibility
296,1.9671739076607169,2.3167399014752053,High_Flexibility
297,4.035155442103914,6.222730216189412,High_Flexibility
298,4.868340318731209,7.796444489875523,High_Flexibility
299,6.317348619312304,10.533322113656698,High_Flexibility
