Residue,RMSF,Z_Score,Category
0,5.808919107343533,8.170365952682506,High_Flexibility
1,4.2190418052687155,5.529880302462364,High_Flexibility
2,3.3417381686243663,4.072844806438698,High_Flexibility
3,2.2827487459787776,2.314063565533227,High_Flexibility
4,2.4180988390388056,2.53885448368431,High_Flexibility
23,2.2334179741951994,2.2321344790314983,High_Flexibility
26,2.274346975939018,2.3001098137578646,High_Flexibility
57,2.3047390639683436,2.3505853266901733,High_Flexibility
58,2.6827893121878534,2.9784553228106683,High_Flexibility
59,2.3947421228520946,2.500063393424206,High_Flexibility
123,2.1884130422008043,2.1573897946679614,High_Flexibility
298,3.268601290197586,3.9513782770808743,High_Flexibility
299,3.8288965958045016,4.881922862131595,High_Flexibility
