Residue,RMSF,Z_Score,Category
0,4.557272211493565,7.623465899793332,High_Flexibility
1,3.224950716282236,4.938578612909757,High_Flexibility
2,2.369473326906531,3.2146250662570717,High_Flexibility
3,2.071657275754934,2.614467722522285,High_Flexibility
57,1.978957198377076,2.4276590129581894,High_Flexibility
58,3.2804330068736465,5.05038623381167,High_Flexibility
59,2.321199872297775,3.1173446538049387,High_Flexibility
85,1.8485606517975217,2.1648845764401963,High_Flexibility
281,1.9769536134913983,2.4236213992087436,High_Flexibility
298,3.1542901417569063,4.796183793859829,High_Flexibility
299,3.9893618947322826,6.479016009100444,High_Flexibility
