position,amino_acid,conservation,count,total,gap_count,coverage
29,C,0.9852941176470589,134,136,1,0.9927007299270073
39,S,1.0,137,137,0,1.0
42,F,0.9927007299270073,136,137,0,1.0
45,A,0.927007299270073,127,137,0,1.0
46,F,0.9854014598540146,135,137,0,1.0
49,L,1.0,137,137,0,1.0
50,P,0.8759124087591241,120,137,0,1.0
57,A,0.8467153284671532,116,137,0,1.0
58,V,0.8467153284671532,116,137,0,1.0
60,A,0.8832116788321168,121,137,0,1.0
71,F,0.8029197080291971,110,137,0,1.0
72,C,0.9854014598540146,135,137,0,1.0
77,D,0.948905109489051,130,137,0,1.0
112,L,0.8905109489051095,122,137,0,1.0
174,W,0.8102189781021898,111,137,0,1.0
176,A,0.9343065693430657,128,137,0,1.0
177,L,0.8978102189781022,123,137,0,1.0
205,F,0.8467153284671532,116,137,0,1.0
215,G,0.8613138686131386,118,137,0,1.0
216,Q,0.8175182481751825,112,137,0,1.0
259,Y,0.8540145985401459,117,137,0,1.0
261,V,0.9708029197080292,133,137,0,1.0
265,V,0.9781021897810219,134,137,0,1.0
268,M,0.8321167883211679,114,137,0,1.0
269,L,0.9708029197080292,133,137,0,1.0
271,P,0.948905109489051,130,137,0,1.0
310,M,0.8613138686131386,118,137,0,1.0
313,T,0.9197080291970803,126,137,0,1.0
315,I,0.9781021897810219,134,137,0,1.0
316,L,0.9343065693430657,128,137,0,1.0
320,G,0.9343065693430657,128,137,0,1.0
321,E,0.948905109489051,130,137,0,1.0
372,F,0.8029197080291971,110,137,0,1.0
376,W,0.8394160583941606,115,137,0,1.0
377,E,0.9124087591240876,125,137,0,1.0
380,A,0.9051094890510949,124,137,0,1.0
383,A,0.9051094890510949,124,137,0,1.0
387,Y,0.9124087591240876,125,137,0,1.0
428,I,0.9124087591240876,125,137,0,1.0
429,L,0.8832116788321168,121,137,0,1.0
433,R,0.9124087591240876,125,137,0,1.0
438,Y,0.9562043795620438,131,137,0,1.0
448,V,0.8978102189781022,123,137,0,1.0
