position,amino_acid,conservation,count,total,gap_count,coverage
55,R,0.8503236245954693,1051,1236,0,1.0
147,G,0.8197146562905318,632,771,465,0.6237864077669902
303,A,0.9724919093851133,1202,1236,0,1.0
394,G,0.8559870550161812,1058,1236,0,1.0
398,L,0.8697411003236246,1075,1236,0,1.0
445,R,0.9037216828478964,1117,1236,0,1.0
