position,amino_acid,PSY_conservation,CrtM_conservation,PSY_count,CrtM_count,PSY_total,CrtM_total
62,Y,0.988673139158576,0.9927007299270073,1222,1222,1236,137
73,R,0.9716828478964401,1.0,1201,1201,1236,137
76,D,0.9838187702265372,0.9927007299270073,1216,1216,1236,137
80,D,0.9838187702265372,0.9927007299270073,1216,1216,1236,137
219,D,0.9927184466019418,0.9854014598540146,1227,1227,1236,137
257,Y,0.9935275080906149,1.0,1228,1228,1236,137
262,A,0.9692556634304207,1.0,1198,1198,1236,137
266,G,0.9692556634304207,1.0,1198,1198,1236,137
306,L,0.9377022653721683,0.9854014598540146,1159,1159,1236,137
307,G,0.9773462783171522,0.9927007299270073,1208,1208,1236,137
309,A,0.9457928802588996,0.8759124087591241,1169,1169,1236,137
311,Q,0.9878640776699029,1.0,1221,1221,1236,137
314,N,0.9830097087378641,0.9927007299270073,1215,1215,1236,137
317,R,0.9927184466019418,0.9927007299270073,1227,1227,1236,137
318,D,0.9862459546925566,0.9927007299270073,1219,1219,1236,137
322,D,0.9935275080906149,1.0,1228,1228,1236,137
328,R,0.9927184466019418,0.9781021897810219,1227,1227,1236,137
330,Y,0.9878640776699029,1.0,1221,1221,1236,137
332,P,0.9943365695792881,0.8540145985401459,1229,1229,1236,137
425,Y,0.9854368932038835,0.9927007299270073,1218,1218,1236,137
