protein,interaction,GGPP,FSPP
ALA140,Hydrophobic,99.66666666666667,99.5
ALA166,Hydrophobic,99.66666666666667,61.166666666666664
ALA22,Hydrophobic,96.5,51.75
ARG180,Anionic,59.333333333333336,193.5
ARG180,HBAcceptor,72.25,147.0
ARG180,VdWContact,73.0,154.5
ARG189,Anionic,120.5,100.0
ARG189,HBAcceptor,100.0,56.00000000000001
ARG189,VdWContact,100.0,89.5
ARG48,Anionic,104.5,137.83333333333334
ARG48,HBAcceptor,101.5,83.5
ARG48,VdWContact,102.0,121.33333333333333
ASN177,VdWContact,111.5,113.5
ASP51,VdWContact,63.5,76.66666666666667
ASP55,VdWContact,99.66666666666667,55.00000000000001
CYS47,Hydrophobic,69.75,73.66666666666667
GLN174,VdWContact,92.0,96.83333333333333
ILE40,Hydrophobic,95.16666666666667,91.16666666666667
LEU169,Hydrophobic,101.16666666666667,100.33333333333333
LEU169,VdWContact,68.16666666666667,54.166666666666664
LEU173,Hydrophobic,104.0,105.0
MET151,Hydrophobic,165.0,145.83333333333334
MET18,Hydrophobic,76.16666666666667,54.833333333333336
PHE25,Hydrophobic,152.16666666666666,158.16666666666666
PHE25,VdWContact,75.83333333333333,75.5
PHE32,Hydrophobic,87.0,84.0
PRO250,Hydrophobic,70.16666666666667,59.333333333333336
THR147,Hydrophobic,80.66666666666667,93.66666666666667
TYR44,Hydrophobic,109.66666666666667,100.16666666666667
TYR44,VdWContact,66.5,81.0
VAL143,Hydrophobic,174.33333333333334,194.66666666666666
VAL251,Hydrophobic,149.83333333333334,66.83333333333333
VAL43,Hydrophobic,60.5,61.833333333333336
