protein,interaction,0
LEU243,Hydrophobic,97.33333333333333
VAL251,Hydrophobic,83.00000000000001
PRO165,Hydrophobic,78.5
GLN174,HBAcceptor,74.33333333333333
ILE240,Hydrophobic,56.0
ARG191,Anionic,55.5
ALA236,Hydrophobic,48.333333333333336
ALA22,Hydrophobic,44.75
ASP55,VdWContact,44.666666666666664
ARG189,HBAcceptor,43.99999999999999
LEU148,Hydrophobic,43.5
ASP117,VdWContact,40.5
ALA166,Hydrophobic,38.50000000000001
MET151,VdWContact,38.16666666666667
TYR21,VdWContact,37.666666666666664
ALA166,VdWContact,35.0
ALA236,VdWContact,27.666666666666668
TYR21,Hydrophobic,27.333333333333332
PRO165,VdWContact,24.166666666666668
GLY144,VdWContact,23.333333333333336
LEU243,VdWContact,22.0
MET18,Hydrophobic,21.333333333333336
GLY239,VdWContact,20.666666666666668
ARG189,Anionic,20.5
MET151,Hydrophobic,19.166666666666657
ALA22,VdWContact,19.0
ARG48,HBAcceptor,18.0
VAL251,VdWContact,14.833333333333332
LEU169,VdWContact,14.000000000000007
ALA140,VdWContact,12.5
PRO250,Hydrophobic,10.833333333333336
ARG189,VdWContact,10.5
CYS47,VdWContact,-11.166666666666668
THR147,Hydrophobic,-13.0
ASP51,VdWContact,-13.166666666666671
TYR44,VdWContact,-14.5
LEU173,VdWContact,-16.333333333333336
ARG48,VdWContact,-19.33333333333333
TYR258,HBAcceptor,-19.999999999999996
VAL143,Hydrophobic,-20.333333333333314
VAL143,VdWContact,-29.16666666666667
TYR258,VdWContact,-30.5
ARG48,Anionic,-33.33333333333334
ARG276,HBAcceptor,-39.25
ARG276,VdWContact,-39.75
ARG276,Anionic,-43.75
TYR258,Hydrophobic,-49.166666666666664
ARG48,Hydrophobic,-56.99999999999999
ASP181,VdWContact,-58.83333333333333
ASN177,Hydrophobic,-66.83333333333334
ARG180,HBAcceptor,-74.75
ARG180,VdWContact,-81.5
ASN177,HBAcceptor,-84.83333333333333
ASP185,VdWContact,-97.0
ARG180,Anionic,-134.16666666666666
