protein,interaction,GGPP,FSPP
ARG276,Anionic,22.0,65.75
ARG276,HBAcceptor,11.0,50.25
ARG276,VdWContact,11.0,50.75
ARG48,Hydrophobic,14.333333333333334,71.33333333333333
ASN177,HBAcceptor,1.5,86.33333333333333
ASN177,Hydrophobic,26.333333333333332,93.16666666666667
ASP181,VdWContact,41.0,99.83333333333333
ASP185,VdWContact,0.0,97.0
LEU173,VdWContact,43.166666666666664,59.5
TYR258,Hydrophobic,48.166666666666664,97.33333333333333
VAL143,VdWContact,33.666666666666664,62.833333333333336
