protein,interaction,GGPP,FSPP
ALA140,VdWContact,54.333333333333336,41.833333333333336
ALA166,VdWContact,70.0,35.0
ARG191,Anionic,55.5,0.0
GLN174,HBAcceptor,74.33333333333333,0.0
GLY144,VdWContact,71.5,48.166666666666664
ILE240,Hydrophobic,56.0,0.0
LEU243,Hydrophobic,97.33333333333333,0.0
MET151,VdWContact,68.5,30.333333333333332
PRO165,Hydrophobic,78.5,0.0
