Residue,RMSF,Z_Score,Category
0,2.978920700927829,7.799459998790204,High_Flexibility
1,1.746802388928512,3.6216200137714845,High_Flexibility
114,1.306096241034566,2.1272831888222252,High_Flexibility
117,1.3579007571629067,2.302940815835603,High_Flexibility
146,1.482283794425247,2.724696114390866,High_Flexibility
147,1.3217991381514762,2.180528230971797,High_Flexibility
148,1.999199130900602,4.477441399128863,High_Flexibility
149,1.4491859530269184,2.612468673352865,High_Flexibility
201,1.3780113477823024,2.3711313692863665,High_Flexibility
202,1.4163383548600703,2.501089751623665,High_Flexibility
203,1.8710624850092856,4.042958446041138,High_Flexibility
