Residue,RMSF,Z_Score,Category
0,1.7871781801500977,4.10160474888526,High_Flexibility
1,1.3661155099139057,2.408377802028176,High_Flexibility
53,1.2798403090428077,2.061437773175686,High_Flexibility
55,1.2901839731657418,2.1030329371743526,High_Flexibility
112,1.3125023248879255,2.1927821294364866,High_Flexibility
113,1.4188583755191153,2.6204736433600786,High_Flexibility
114,1.461266471343757,2.7910100876734667,High_Flexibility
115,1.4149096031960724,2.604594373652723,High_Flexibility
147,1.33807319253493,2.295610722933357,High_Flexibility
148,1.8180238757905034,4.225645103789175,High_Flexibility
149,1.374021920214793,2.4401719930612145,High_Flexibility
268,1.2663467335369796,2.0071758134462647,High_Flexibility
269,1.3631719642982274,2.39654086869715,High_Flexibility
