Residue,RMSF,Z_Score,Category
0,2.559726876674382,7.946932523391771,High_Flexibility
1,1.8943816234255368,5.259514886042102,High_Flexibility
2,1.5360035019056502,3.811978167458835,High_Flexibility
78,1.1008659415604802,2.0543999046925254,High_Flexibility
114,1.1488033771610795,2.2480255588822935,High_Flexibility
200,1.1297715571401394,2.1711535160663367,High_Flexibility
201,1.2750763468878925,2.7580588150111063,High_Flexibility
202,1.5288371927776552,3.783032495341639,High_Flexibility
203,1.454472158959385,3.4826622702450183,High_Flexibility
283,1.2338743982734703,2.5916386852230007,High_Flexibility
