protein,interaction,GGPP,FSPP
ALA134,Hydrophobic,134.83333333333334,131.16666666666666
ARG171,Anionic,196.66666666666666,200.0
ARG171,HBAcceptor,141.5,105.0
ARG171,VdWContact,156.5,118.66666666666667
ARG265,Anionic,70.75,200.0
ARG265,HBAcceptor,128.5,110.33333333333333
ARG265,VdWContact,135.0,128.16666666666666
ARG45,Anionic,119.5,200.0
ARG45,HBAcceptor,61.666666666666664,198.5
ARG45,Hydrophobic,79.33333333333333,65.16666666666667
ARG45,VdWContact,84.66666666666667,199.33333333333334
ASN168,HBAcceptor,96.66666666666667,99.16666666666667
ASN168,Hydrophobic,90.83333333333333,103.0
ASN168,VdWContact,158.16666666666666,116.16666666666667
ASP172,VdWContact,98.33333333333333,98.5
ASP48,Hydrophobic,97.83333333333333,85.83333333333333
ASP48,VdWContact,100.66666666666667,96.5
CYS44,Hydrophobic,100.0,100.0
CYS44,VdWContact,89.83333333333333,93.33333333333333
ILE241,Hydrophobic,96.66666666666667,79.33333333333333
LEU141,Hydrophobic,190.83333333333334,186.66666666666666
LEU145,Hydrophobic,90.83333333333333,80.66666666666667
LEU160,Hydrophobic,98.16666666666667,86.83333333333333
LEU164,Hydrophobic,100.5,99.83333333333333
PHE22,Hydrophobic,86.16666666666667,131.33333333333334
PHE26,Hydrophobic,181.0,148.83333333333334
TYR248,Hydrophobic,137.83333333333334,73.16666666666667
TYR41,HBAcceptor,68.5,100.0
TYR41,Hydrophobic,100.0,192.5
TYR41,VdWContact,149.33333333333334,181.0
VAL133,Hydrophobic,60.833333333333336,85.83333333333333
VAL137,Hydrophobic,194.33333333333334,182.5
VAL37,Hydrophobic,66.16666666666667,93.0
