protein,interaction,0
ASP52,VdWContact,100.0
TYR248,Hydrophobic,64.66666666666667
ILE40,Hydrophobic,61.83333333333333
TYR248,VdWContact,54.166666666666664
ALA244,Hydrophobic,42.75
ASN168,VdWContact,41.999999999999986
TYR248,HBAcceptor,41.0
ARG171,VdWContact,37.83333333333333
ARG171,HBAcceptor,36.5
MET15,Hydrophobic,36.5
GLN165,Hydrophobic,34.583333333333336
PHE26,Hydrophobic,32.16666666666666
ILE241,VdWContact,26.166666666666668
LEU141,VdWContact,21.666666666666664
GLY161,VdWContact,20.0
ARG265,HBAcceptor,18.16666666666667
ILE241,Hydrophobic,17.333333333333343
LEU164,VdWContact,16.000000000000004
PHE26,VdWContact,15.5
ILE40,VdWContact,14.333333333333336
ARG45,Hydrophobic,14.166666666666657
ASP48,Hydrophobic,12.0
VAL137,Hydrophobic,11.833333333333343
LEU160,Hydrophobic,11.333333333333343
LEU160,VdWContact,11.166666666666668
LEU145,Hydrophobic,10.166666666666657
ASN168,Hydrophobic,-12.166666666666671
VAL111,Hydrophobic,-14.916666666666668
VAL137,VdWContact,-15.166666666666664
PHE233,VdWContact,-15.25
ALA25,Hydrophobic,-15.5
LEU29,Hydrophobic,-23.0
VAL133,Hydrophobic,-24.999999999999993
VAL37,Hydrophobic,-26.83333333333333
HID18,VdWContact,-27.666666666666664
LEU107,Hydrophobic,-31.499999999999996
TYR41,HBAcceptor,-31.5
TYR41,VdWContact,-31.666666666666657
GLN165,VdWContact,-37.5
LYN20,VdWContact,-41.833333333333336
PHE22,Hydrophobic,-45.16666666666667
ALA157,Hydrophobic,-51.75
PHE233,Hydrophobic,-58.166666666666664
PHE22,VdWContact,-68.66666666666667
SER19,VdWContact,-79.5
ARG45,Anionic,-80.5
TYR41,Hydrophobic,-92.5
SER21,VdWContact,-100.0
SER21,HBAcceptor,-100.0
ARG45,VdWContact,-114.66666666666667
ARG265,Anionic,-129.25
ARG45,HBAcceptor,-136.83333333333334
