protein,interaction,GGPP,FSPP
ALA134,Hydrophobic,134.83333333333334,131.16666666666666
ALA157,Hydrophobic,39.5,91.25
ALA244,Hydrophobic,91.5,48.75
ARG171,Anionic,196.66666666666666,200.0
ARG171,HBAcceptor,141.5,105.0
ARG171,VdWContact,156.5,118.66666666666667
ARG265,Anionic,70.75,200.0
ARG265,HBAcceptor,128.5,110.33333333333333
ARG265,VdWContact,135.0,128.16666666666666
ARG45,Anionic,119.5,200.0
ARG45,HBAcceptor,61.666666666666664,198.5
ARG45,Hydrophobic,79.33333333333333,65.16666666666667
ARG45,VdWContact,84.66666666666667,199.33333333333334
ASN168,HBAcceptor,96.66666666666667,99.16666666666667
ASN168,Hydrophobic,90.83333333333333,103.0
ASN168,VdWContact,158.16666666666666,116.16666666666667
ASP172,VdWContact,98.33333333333333,98.5
ASP48,Hydrophobic,97.83333333333333,85.83333333333333
ASP48,VdWContact,100.66666666666667,96.5
ASP52,VdWContact,100.0,0.0
CYS44,Hydrophobic,100.0,100.0
CYS44,VdWContact,89.83333333333333,93.33333333333333
GLN165,VdWContact,27.166666666666668,64.66666666666667
ILE241,Hydrophobic,96.66666666666667,79.33333333333333
ILE40,Hydrophobic,90.33333333333333,28.5
LEU107,Hydrophobic,26.166666666666668,57.666666666666664
LEU141,Hydrophobic,190.83333333333334,186.66666666666666
LEU141,VdWContact,57.5,35.833333333333336
LEU145,Hydrophobic,90.83333333333333,80.66666666666667
LEU160,Hydrophobic,98.16666666666667,86.83333333333333
LEU164,Hydrophobic,100.5,99.83333333333333
MET15,Hydrophobic,66.0,29.5
PHE22,Hydrophobic,86.16666666666667,131.33333333333334
PHE22,VdWContact,15.5,84.16666666666667
PHE233,Hydrophobic,33.333333333333336,91.5
PHE26,Hydrophobic,181.0,148.83333333333334
PHE26,VdWContact,60.166666666666664,44.666666666666664
SER19,VdWContact,15.0,94.5
SER21,HBAcceptor,0.0,100.0
SER21,VdWContact,0.0,100.0
TYR248,Hydrophobic,137.83333333333334,73.16666666666667
TYR248,VdWContact,65.5,11.333333333333334
TYR41,HBAcceptor,68.5,100.0
TYR41,Hydrophobic,100.0,192.5
TYR41,VdWContact,149.33333333333334,181.0
VAL133,Hydrophobic,60.833333333333336,85.83333333333333
VAL137,Hydrophobic,194.33333333333334,182.5
VAL137,VdWContact,45.0,60.166666666666664
VAL37,Hydrophobic,66.16666666666667,93.0
