protein,interaction,GGPP,FSPP
ALA157,Hydrophobic,39.5,91.25
GLN165,VdWContact,27.166666666666668,64.66666666666667
LEU107,Hydrophobic,26.166666666666668,57.666666666666664
PHE22,VdWContact,15.5,84.16666666666667
PHE233,Hydrophobic,33.333333333333336,91.5
SER19,VdWContact,15.0,94.5
SER21,HBAcceptor,0.0,100.0
SER21,VdWContact,0.0,100.0
VAL137,VdWContact,45.0,60.166666666666664
