protein,interaction,GGPP,FSPP
ALA244,Hydrophobic,91.5,48.75
ASP52,VdWContact,100.0,0.0
ILE40,Hydrophobic,90.33333333333333,28.5
LEU141,VdWContact,57.5,35.833333333333336
MET15,Hydrophobic,66.0,29.5
PHE26,VdWContact,60.166666666666664,44.666666666666664
TYR248,VdWContact,65.5,11.333333333333334
