Residue,RMSF,Z_Score,Category
0,3.6278357349585244,4.503701268006855,High_Flexibility
1,2.773095422300523,3.118635429926046,High_Flexibility
3,2.1285044977088634,2.074106634492879,High_Flexibility
4,2.1100592742968374,2.0442170312468138,High_Flexibility
119,2.476739475765112,2.638404778136795,High_Flexibility
120,4.690990535782452,6.226492826338354,High_Flexibility
121,5.427073229717363,7.419279662612998,High_Flexibility
122,3.7795691923162167,4.749578085992063,High_Flexibility
298,3.496506469249526,4.290888467697819,High_Flexibility
299,4.8510318778240915,6.485832174512018,High_Flexibility
