Residue,RMSF,Z_Score,Category
0,3.6354271160785476,4.517181653633266,High_Flexibility
1,2.7820478651730527,3.1337975978325123,High_Flexibility
3,2.1335691591316936,2.0825708407816013,High_Flexibility
4,2.110415329495996,2.0450369556833117,High_Flexibility
119,2.4737008040075827,2.633946672682038,High_Flexibility
120,4.688523087107834,6.224319686347467,High_Flexibility
121,5.4256867722741084,7.419310644344503,High_Flexibility
122,3.778280334407889,4.748756143342202,High_Flexibility
298,3.4860298466229667,4.2749988253939755,High_Flexibility
299,4.839160892435665,6.468513505063147,High_Flexibility
