Residue,RMSF,Z_Score,Category
0,1.8236818429394603,3.2016111369150315,High_Flexibility
57,1.7719789244462838,3.056041937183357,High_Flexibility
58,2.7434469584261225,5.791203285763942,High_Flexibility
59,1.7789500148712067,3.075668992753674,High_Flexibility
60,1.455238656365564,2.1642619624534656,High_Flexibility
119,1.9604030902394343,3.5865488374512253,High_Flexibility
120,2.1105621178566936,4.009320513011779,High_Flexibility
121,1.8730161717325782,3.3405115891721184,High_Flexibility
281,1.5071056190577228,2.310293027462042,High_Flexibility
297,1.6509332152592355,2.71523860284862,High_Flexibility
298,2.675818411884654,5.600795593394367,High_Flexibility
299,2.704328320221579,5.6810650377890255,High_Flexibility
