Residue,RMSF,Z_Score,Category
0,1.8220603602934529,3.1988272963173006,High_Flexibility
57,1.7693496812475598,3.0503400872819912,High_Flexibility
58,2.7415195367201384,5.788965184896444,High_Flexibility
59,1.7762004623737035,3.0696388970781463,High_Flexibility
60,1.453210828349238,2.159769584602166,High_Flexibility
119,1.9596165380812656,3.586326248996199,High_Flexibility
120,2.108079724539626,4.0045504988203575,High_Flexibility
121,1.8699822100393824,3.3338242618162104,High_Flexibility
281,1.5060308673928304,2.3085648632949414,High_Flexibility
297,1.6565870971937642,2.73268526490379,High_Flexibility
298,2.681342028562803,5.619443744559802,High_Flexibility
299,2.709821641601772,5.699671476987232,High_Flexibility
