Residue,RMSF,Z_Score,Category
0,1.823870911082429,3.201561216566251,High_Flexibility
57,1.7720778309027068,3.0557696853413696,High_Flexibility
58,2.7435768018747853,5.790426942062477,High_Flexibility
59,1.7790231161395589,3.075319860112993,High_Flexibility
60,1.4553317265614463,2.16416603093064,High_Flexibility
119,1.9603504082203569,3.585735218179896,High_Flexibility
120,2.1104896243057025,4.008359748986537,High_Flexibility
121,1.8728943021887396,3.339556393343234,High_Flexibility
281,1.5073365475783687,2.310553588126001,High_Flexibility
297,1.6513135753135268,2.7158322713377014,High_Flexibility
298,2.676157991060229,5.600650786099021,High_Flexibility
299,2.704622370446613,5.68077472237983,High_Flexibility
