Residue,RMSF,Z_Score,Category
0,1.8070533761107814,2.710702941537886,High_Flexibility
57,2.0933219083828427,3.416757947964273,High_Flexibility
58,3.2816348279953385,6.347622473780142,High_Flexibility
59,2.357661983015176,4.06872843040594,High_Flexibility
273,1.7730775560758434,2.6269047062141664,High_Flexibility
274,1.8299564094573928,2.7671911668708655,High_Flexibility
297,1.8736841628257304,2.8750416488656914,High_Flexibility
298,3.3812671595315718,6.593356456222321,High_Flexibility
299,4.250236590471769,8.736589637589683,High_Flexibility
