Residue,RMSF,Z_Score,Category
0,1.8073987906529283,2.7108377608639516,High_Flexibility
57,2.093579749074107,3.416441931360556,High_Flexibility
58,3.281977674298145,6.346540903960608,High_Flexibility
59,2.35788267842476,4.068103908639367,High_Flexibility
273,1.7735055166254408,2.627270930850115,High_Flexibility
274,1.8304801635127006,2.7677469033886393,High_Flexibility
297,1.873832314926856,2.874635422480148,High_Flexibility
298,3.3818088412379996,6.592683373141364,High_Flexibility
299,4.25057968656087,8.734713838926234,High_Flexibility
