Residue,RMSF,Z_Score,Category
0,1.8053970170140505,2.706737877165106,High_Flexibility
57,2.08892784119804,3.4059560225870418,High_Flexibility
58,3.2783773876537037,6.339269211159414,High_Flexibility
59,2.3538450733480603,4.059271006195478,High_Flexibility
273,1.7756587941068485,2.6334001540827483,High_Flexibility
274,1.8323385862486585,2.773178745205453,High_Flexibility
297,1.8777267648074112,2.885110977361405,High_Flexibility
298,3.3852924781466784,6.602933564082131,High_Flexibility
299,4.258062775526954,8.755280951601373,High_Flexibility
